GPA,Study_Hours_Per_Week,Internships_Count,Age,Projects_Completed,Networking_Events,Major,Gender,University_Tier,Salary
3.4483570765056166,32.40942038025313,0,22.461715300425404,4,1.0,Data Science,Male,Tier3,87375
3.130867849414408,40.275333123761044,0,22.12019379778227,3,4.0,Computer Science,Female,Tier2,94887
3.5238442690503464,13.81145940944687,2,25.658949683863497,3,7.0,Data Science,Female,Tier2,114329
3.961514928204013,29.503753893524568,1,23.612347722454395,7,5.0,Computer Science,Male,Tier2,120985
3.082923312638332,19.794859447025384,4,23.47097031737878,3,4.0,Computer Science,Female,Tier2,123168
3.08293152152541,21.10299692988243,2,21.0,1,5.0,Statistics,Male,Tier2,105825
3.989606407753696,20.26084860608905,3,25.270836060418453,0,7.0,Data Science,Male,Tier2,118736
3.5837173645764544,18.08807384256147,3,21.521483210293056,3,6.0,Computer Science,Female,Tier1,118163
2.965262807032524,25.388173023558615,0,24.119865260532656,1,1.0,Computer Science,Male,Tier2,96253
3.4712800217929827,18.352399068711698,1,24.554753875916383,2,3.0,Data Science,Male,Tier1,95993
2.968291153593769,27.163654606238712,1,26.7213171916773,1,3.0,Computer Science,Female,Tier1,106248
2.967135123214872,24.598095124406903,2,21.382359201761776,3,,Computer Science,Female,Tier2,123861
3.3209811357830175,23.088415625068723,3,21.0,1,2.0,Computer Science,Male,Tier1,120188
2.243359877671101,17.739490703667215,1,24.36769908950739,2,9.0,Statistics,Female,Tier2,82201
2.337541083743484,20.38582935545334,3,27.601022363021706,4,4.0,Statistics,Female,Tier2,108304
2.918856235379514,31.043129806606046,1,26.477892705878876,3,3.0,Statistics,Male,Tier2,98102
2.6935844398327884,29.007337500995046,0,24.41931883054925,4,5.0,Statistics,Female,Tier2,89072
3.357123666297637,17.179558041611593,1,23.016727628735904,2,5.0,Statistics,Male,Tier1,103478
2.745987962239395,25.794658443433807,3,25.61424519327462,2,2.0,Data Science,Male,Tier1,113383
2.4938481493323543,31.011096986974312,1,22.052907600591062,3,3.0,Data Science,Female,Tier3,100537
3.932824384460777,11.644757751029026,1,24.95271553871244,1,5.0,Computer Science,Non-Binary,Tier2,107902
3.0871118497567323,29.34688153903948,2,25.010940318333255,2,4.0,Data Science,Male,Tier2,113585
3.233764102343962,19.699009928433227,4,26.12041981499776,4,,Statistics,Male,Tier1,126624
2.487625906893272,29.564789348745276,1,29.519320077822155,6,1.0,Data Science,Female,Tier2,112552
2.927808637737409,18.893926747659865,1,24.784831934357534,4,4.0,Data Science,Male,Tier2,99828
3.2554612948549333,10.560943194683848,3,22.982072748585004,1,2.0,Computer Science,Male,Tier2,115392
2.624503211288849,11.979660496934699,2,23.948851375616012,4,8.0,Data Science,Male,Tier2,100324
3.387849009172836,25.384679573291056,2,21.0,4,7.0,Statistics,Female,Tier1,107070
2.899680655040598,27.077780013771854,2,22.610573737821884,1,5.0,Business Analytics,Male,Tier2,100463
3.054153125103362,17.76546699916473,2,23.18143512377379,5,2.0,Computer Science,Male,Tier3,106158
2.8991466938853017,30.10873967021899,1,22.951823204130815,2,4.0,Statistics,Female,Tier3,85996
4.0,11.707839501848321,0,24.304709744067445,1,6.0,Data Science,Female,Tier1,97730
3.193251387631033,24.471361610821468,2,22.3551601352356,4,3.0,Business Analytics,Female,Tier2,106576
2.67114453552205,15.311870401900347,1,26.242061334648945,3,2.0,Data Science,Male,Tier1,99299
3.6112724560515947,19.785311137582728,1,24.000414129836393,3,5.0,Data Science,Female,Tier1,109870
2.589578175014489,25.37918937053131,2,23.981399357722772,6,5.0,Data Science,Male,Tier2,109528
3.304431797502378,18.11669307772838,0,23.344210566974166,4,5.0,Statistics,Male,Tier1,127974
2.2201649380601123,21.923555646161397,0,24.31038136771796,9,5.0,Business Analytics,Female,Tier2,81100
2.535906975550785,33.050342473715524,1,25.65019652933527,3,6.0,Computer Science,Male,Tier2,104064
3.298430617934562,20.38486504381481,2,22.265739568578198,2,,Computer Science,Male,Tier1,110841
3.5692332899977055,31.685536896521135,2,22.683767021849487,3,0.0,Business Analytics,Male,Tier1,116496
3.2856841405949853,15.962345162739055,0,23.392547942446672,2,6.0,Data Science,Male,Tier3,93504
3.14217585880588,29.238433423322263,0,21.308258153053572,5,5.0,Data Science,Male,Tier1,103889
3.049448152205356,36.5325489652632,3,22.361484280557004,4,6.0,Data Science,Non-Binary,Tier2,129110
2.4607390048162863,5.2268439989816855,3,23.047558252910683,3,6.0,Computer Science,Male,Tier2,108045
2.840077895802646,18.624837956236185,0,25.748778361425455,5,2.0,Statistics,Male,Tier2,92538
2.9696806145201062,29.61657701744432,1,24.52512265800385,3,2.0,Statistics,Male,Tier2,93353
3.728561113109458,23.37563691165606,2,24.38717982273509,1,3.0,Computer Science,Female,Tier1,132009
3.3718091447842307,27.96916698697047,0,25.701795924335944,3,6.0,Computer Science,Female,Tier1,115488
2.318479922318633,20.168118506273437,2,23.725256423201206,7,4.0,Statistics,Male,Tier1,106703
3.362041984697398,25.6927182997832,1,24.78092969985778,3,3.0,Computer Science,Female,Tier2,108510
3.007458859791842,23.754582116863364,0,23.793556494135007,2,3.0,Business Analytics,Male,Tier2,90300
2.8615389998470206,34.342256493278455,2,24.530724698799258,5,3.0,Computer Science,Male,Tier2,113678
3.505838144420434,27.035366746409704,4,22.834482684776837,2,4.0,Data Science,Male,Tier1,130228
3.7154997612479757,27.700821296601617,2,21.0,4,2.0,Business Analytics,Male,Tier2,111665
3.6656400595580996,21.704984271020262,0,23.73144167562739,1,4.0,Statistics,Male,Tier2,89489
2.780391238388681,21.099150207420053,1,26.84549627219988,3,4.0,Data Science,Female,Tier3,98703
3.045393812074393,21.539534497443032,0,25.852430804483184,8,,Statistics,Male,Tier2,93152
3.3656317157017823,28.155617139026376,2,25.93079496918234,3,2.0,Computer Science,Female,Tier2,107729
3.6877725635611798,21.632124153437896,3,26.472261443612435,5,1.0,Computer Science,Male,Tier2,131344
2.9604128810773553,27.318198855171303,4,24.177315181922875,6,5.0,Business Analytics,Male,Tier3,124190
3.1071705116680914,,3,24.39463141481119,5,5.0,Statistics,Male,Tier3,115765
2.646832512996986,31.96899762745354,3,22.7646962091313,4,6.0,Data Science,Female,Tier2,122255
2.6018966879596648,22.39181174265727,2,23.3678542879459,3,6.0,Data Science,Male,Tier1,105645
3.606262911197099,34.609711377311555,0,25.231542299542284,4,1.0,Computer Science,Female,Tier2,98030
3.8781200142854115,21.735397015827587,2,26.407768874337634,0,3.0,Computer Science,Male,Tier2,116099
3.163994939209833,8.69500371857717,4,23.721107448638,8,3.0,Data Science,Male,Tier2,129915
3.701766448946012,16.935309512660766,3,23.099621470297176,2,7.0,Statistics,Male,Tier2,120155
3.380818012523817,10.033664631793155,4,24.001055917713195,4,6.0,Data Science,Male,Tier1,129502
2.877440122697438,22.18789212766953,1,25.20241349785823,0,3.0,Statistics,Male,Tier2,97277
3.380697802754207,25.147347033516414,1,21.112290367732918,1,4.0,Computer Science,Male,Tier3,107102
3.969018283232985,38.41149849820226,1,21.0,7,1.0,Data Science,Female,Tier2,114007
3.1820869804450242,27.6154189901133,2,22.898926301016832,4,4.0,Computer Science,Male,Tier2,119691
3.982321827907003,23.247195769529085,1,21.558575148171684,5,4.0,Data Science,Female,Tier2,104466
2.0,31.635244649467914,1,22.983719604705378,1,1.0,Computer Science,Male,Tier3,92486
3.610951252187612,7.310917527936919,0,23.704439362365058,5,2.0,Business Analytics,Female,Tier3,91390
3.243523534119086,26.884916464868528,3,23.093503181953974,1,6.0,Computer Science,Female,Tier2,122766
3.0504963247670664,31.166921551095733,2,26.90493506894149,2,4.0,Business Analytics,Male,Tier2,104765
3.2458803882677514,13.171310033761268,1,24.65348952920464,1,2.0,Data Science,Male,Tier3,79829
2.206215542699554,34.15003234565543,1,24.600948719221655,4,7.0,Business Analytics,Female,Tier2,88178
3.0901640560812442,27.707971259955315,2,25.244414288086805,3,5.0,Data Science,Female,Tier2,108558
3.3785562857558733,21.67769668879359,5,21.72233376443846,1,4.0,Business Analytics,Male,Tier3,116787
3.9389470223707583,30.06225492885028,0,26.078223574840536,3,6.0,Computer Science,Male,Tier1,111513
2.9408648908631765,43.16554286243517,0,23.84847142692908,2,7.0,Statistics,Female,Tier2,88013
2.7957531985534065,26.45493004046796,2,25.340961234482425,2,3.0,Business Analytics,Male,Tier3,92366
2.949121478207732,26.98576469040269,1,21.85628553391969,1,5.0,Computer Science,Female,Tier2,138752
3.6577010588510372,21.325112803678046,2,21.0,3,6.0,Computer Science,Male,Tier2,110564
,18.201245044281666,1,25.63577931605006,2,2.0,Data Science,Male,Tier1,112762
2.935119898116481,31.642686532353963,1,24.752819052195033,3,5.0,Business Analytics,Female,Tier2,92192
3.456633716556678,18.15132939272906,2,22.195896891284978,3,2.0,Data Science,Female,Tier2,106917
3.2485387746740204,25.57252989775514,2,22.26067383745061,5,3.0,Data Science,Male,Tier1,114977
3.6843224952664446,21.178740425879067,1,26.25086956882954,6,1.0,Computer Science,Male,Tier2,115640
2.848973453061324,28.831838605971136,0,21.621176214265343,3,2.0,Computer Science,Female,Tier2,93560
3.0361689267011163,27.669296842295587,1,27.285345906511928,5,3.0,Statistics,Female,Tier2,87321
,33.30031955406319,2,22.19875853070426,2,3.0,Computer Science,Male,Tier2,113906
2.468242525933941,20.919868809162026,1,25.276783851216766,2,6.0,Data Science,Female,Tier3,149485
3.348060138532288,22.84100051765303,3,23.342763048502032,4,1.0,Business Analytics,Female,Tier2,107788
3.3305276360899447,17.16989027374154,0,25.206374862164687,3,5.0,Computer Science,Female,Tier1,97423
3.202556728321231,21.445653919391106,5,22.911771995771616,2,6.0,Statistics,Female,Tier1,130382
3.0827064333124268,28.018403944358816,0,23.67441418785541,1,6.0,Computer Science,Male,Tier2,89459
2.492314628974793,31.055908933162815,2,24.081838350791443,5,3.0,Data Science,Female,Tier2,108735
2.9896773386173208,17.622677406578998,2,21.995625088437055,3,4.0,Computer Science,Female,Tier2,97384
3.0286427417366153,31.95684736084528,1,25.481648690840252,4,5.0,Statistics,Male,Tier2,95041
2.7988613653891905,35.845102870439604,3,22.97357286705683,1,4.0,Computer Science,Male,Tier1,127326
3.1193571441669956,28.307479225789606,2,23.542800169319964,3,4.0,Data Science,Male,Tier2,105456
3.4020254284072693,40.014366500464526,0,22.011301250782974,4,4.0,Data Science,Female,Tier2,104647
4.0,18.809686407171416,2,21.0,2,4.0,Computer Science,Male,Tier1,121738
3.28728890641592,15.042762373508664,0,23.61794447479966,2,5.0,Statistics,Female,Tier1,82378
3.3287751953613824,10.770238008765771,0,28.82523084322583,2,2.0,Computer Science,Female,Tier1,158079
3.1627770421169163,36.968354491913466,2,25.569208575796047,4,3.0,Statistics,Female,Tier1,114902
2.2406143923504795,30.23492525083246,1,23.96147924053121,5,2.0,Computer Science,Female,Tier2,96996
3.186743062275392,24.555322632716358,3,23.474218341583466,2,1.0,Statistics,Non-Binary,Tier1,116964
3.2301151049705132,27.239749010558562,2,24.044931785624094,2,8.0,Computer Science,Male,Tier2,115567
4.0,15.996087621612988,3,25.09423823035042,4,1.0,Data Science,Female,Tier1,136131
3.103819517609439,44.56601583693461,0,21.638374369382312,0,10.0,Computer Science,Male,Tier3,97273
3.3507736711668064,26.03376945580182,2,26.228643389337744,3,5.0,Statistics,Female,Tier3,108983
3.1826441151473785,25.875158356839144,0,25.430762630882487,0,6.0,Computer Science,Male,Tier1,91988
2.615660981190234,30.806132991189536,0,25.43637145141587,2,3.0,Business Analytics,Non-Binary,Tier2,81054
3.7714114072575105,28.848073853893705,1,24.876951477619453,2,6.0,Business Analytics,Female,Tier1,121104
3.5759665163433874,26.791072194233053,1,24.03923331538798,1,4.0,Computer Science,Female,Tier2,108903
3.5955159735215236,18.676204356437506,1,25.34572247193364,4,3.0,Data Science,Male,Tier1,124187
2.7453062726026305,28.771746857087965,1,25.183628267482757,5,0.0,Computer Science,Male,Tier2,111122
3.9013971554680498,40.05619597180027,1,23.29191857811795,1,5.0,Data Science,Female,Tier2,109624
2.49907446860386,35.76336036923982,3,22.8527964542062,4,8.0,Statistics,Male,Tier3,108402
3.493428546900135,,1,24.203712590523974,0,2.0,Statistics,Female,Tier1,102610
4.0,20.910274588550518,4,27.098040302990373,6,3.0,Data Science,Male,Tier3,131491
2.704731837434656,17.083161437931352,1,21.521785848692197,5,6.0,Computer Science,Female,Tier3,96671
2.9168511351986144,23.993704639202814,2,21.06494946849512,1,1.0,Data Science,Male,Tier1,111885
3.249825682543821,25.445799298309556,1,24.329521682473032,5,5.0,Computer Science,Female,Tier2,105668
2.9482621729419005,33.75353214776759,1,24.101775403712036,1,5.0,Statistics,Female,Tier1,39041
2.424668284466934,11.460282962281445,2,24.346683328740816,4,7.0,Data Science,Male,Tier2,107243
3.2342814874030137,37.23640255568491,3,24.487906395817,2,5.0,Statistics,Male,Tier2,111463
2.6688481431369477,,1,23.55359549073039,1,1.0,Computer Science,Male,Tier2,92863
3.436796215317591,21.58495144042064,4,26.979726877204165,3,4.0,Computer Science,Female,Tier2,129148
2.7402878828830985,16.90316499791866,1,21.0,3,6.0,Computer Science,Female,Tier3,89232
3.97496720250877,11.761146625073845,1,22.343005950439508,6,1.0,Computer Science,Female,Tier1,109331
2.8083733538318816,31.585364671695316,3,23.793490479701905,0,1.0,Computer Science,Female,Tier3,104800
,25.58654373750723,1,21.0,3,2.0,Statistics,Male,Tier1,104665
3.606758608684835,14.680312802071569,1,23.648291191135858,5,6.0,Business Analytics,Male,Tier3,92767
2.5845678417830227,14.639369823491071,2,27.322940331456035,1,4.0,Data Science,Male,Tier2,103428
3.313729967302065,22.313722405678973,1,24.041772976591922,3,5.0,Data Science,Male,Tier1,105813
3.8535713771412143,38.352172202315145,3,24.461401811437366,4,8.0,Computer Science,Non-Binary,Tier3,136815
2.3962583827193864,22.92326918909116,2,21.479670469654838,2,5.0,Business Analytics,Female,Tier2,98082
3.2923169292661525,12.97485637505515,1,22.767277183921045,3,6.0,Computer Science,Male,Tier2,106613
3.329941397124212,23.034055487312447,4,23.249607239352127,7,3.0,Business Analytics,Female,Tier2,127746
3.590911435888655,22.818211442018637,2,23.36456980648753,1,3.0,Data Science,Female,Tier2,109082
2.581524644560959,5.0,1,26.563287590007537,3,4.0,Computer Science,Male,Tier2,91537
2.539771693457862,24.565641067857502,3,25.11538212145025,3,4.0,Business Analytics,Male,Tier2,115383
3.460970782808449,23.152523758330577,1,21.777084086125935,1,5.0,Computer Science,Male,Tier1,102757
3.348492336616593,30.569650918507346,4,24.49300955686401,1,4.0,Data Science,Female,Tier2,130807
3.3252464251729386,39.79164875956276,0,24.99644349699357,2,5.0,Data Science,Non-Binary,Tier3,100354
3.373224104748488,34.01252023638206,1,26.280298077042534,2,3.0,Computer Science,Female,Tier1,110565
2.859987639210755,22.848890475561355,0,27.161081373136746,6,1.0,Data Science,Male,Tier1,108100
3.316126848580502,16.147792730066637,1,21.969811616344263,1,3.0,Statistics,Male,Tier2,95265
3.346536236649341,45.58687842599888,0,22.378284977579323,3,3.0,Statistics,Female,Tier2,101307
2.842824290986816,25.473747472115907,0,21.48484428217077,3,3.0,Computer Science,Female,Tier2,88375
4.0,25.11143433530357,3,23.531960281786038,4,6.0,Business Analytics,Female,Tier1,120924
3.436916460455894,24.806999303119973,1,24.93271674889267,2,7.0,Computer Science,Female,Tier2,104398
2.604348251398676,26.58467808614284,1,25.974669033178202,3,5.0,Computer Science,Male,Tier1,107775
3.5282768043169153,23.84511670460846,1,23.848097952714955,4,4.0,Computer Science,Female,Tier2,108862
2.7126591648863396,20.410703944958108,2,23.360304953490314,2,2.0,Computer Science,Female,Tier3,99201
3.593542301871226,20.625128470076863,0,24.30351598449748,3,0.0,Computer Science,Male,Tier2,88130
3.779297789503702,24.737973838272012,2,22.329714196739953,2,4.0,Business Analytics,Female,Tier2,108622
2.7896588408241447,20.652601830929882,1,28.179077443389545,4,3.0,Computer Science,Male,Tier3,112178
3.6816880646221612,19.297233738582683,2,21.0,1,5.0,Computer Science,Male,Tier2,112997
3.406390463468249,25.851441821535175,0,24.369481157791448,3,3.0,Computer Science,Male,Tier3,98236
3.6110300799972452,22.960182260633157,0,28.04721243845928,5,4.0,Statistics,Male,Tier2,102089
4.0,37.03194390866151,1,24.013599689119996,2,6.0,Business Analytics,Male,Tier3,103205
3.077305941998565,5.0,1,23.619921929997012,4,3.0,Computer Science,Male,Tier1,109874
2.8231319178212555,33.7320548153797,4,23.285109154379146,2,3.0,Computer Science,Female,Tier1,196178
2.7552427851872388,34.968681539981034,2,23.639216636475183,1,4.0,Computer Science,Male,Tier1,110321
2.792094857517281,8.412878140734804,0,26.74569694935306,3,5.0,Computer Science,Male,Tier2,88785
3.161449145292948,22.25849924735721,2,21.0,4,5.0,Computer Science,Male,Tier3,106321
3.3705759874083223,22.02847307203367,1,27.06686740259265,7,4.0,Data Science,Female,Tier2,114078
3.33834539966501,13.73990644225743,3,21.15208569509971,4,8.0,Computer Science,Male,Tier2,118441
3.613591624518012,18.777466499272997,1,23.46669534153117,6,6.0,Data Science,Male,Tier2,111116
3.2065009459389535,16.11539323627337,0,23.141511159402675,4,4.0,Computer Science,Female,Tier2,97412
3.9267670385786584,39.01816354738898,1,25.17710653954144,1,3.0,Business Analytics,Female,Tier2,106887
3.067671583381022,32.48542714517969,0,21.0,1,3.0,Business Analytics,Female,Tier2,87852
4.0,35.17244075995327,1,24.924345332163885,7,4.0,Data Science,Female,Tier2,119048
3.5128336738825032,30.77337651234588,0,28.048619246573704,4,4.0,Data Science,Male,Tier1,101967
2.771421221791859,15.967585830262166,2,21.27365199081438,3,3.0,Data Science,Female,Tier3,96855
2.664553750969444,20.80383786976181,2,24.379412335220792,3,4.0,Data Science,Male,Tier1,110106
3.4412362076215928,28.914996489823345,2,22.67603564440678,3,3.0,Statistics,Male,Tier1,103092
3.0882686073370746,15.222977528864437,0,24.85177441238607,3,5.0,Data Science,Male,Tier3,96545
3.5570002470460462,30.703987441379105,1,24.038295554831503,1,2.0,Business Analytics,Female,Tier2,97003
3.4366188122867727,23.077396814734918,2,22.71702618191138,1,6.0,Business Analytics,Male,Tier2,103905
3.1635855436715636,22.00143353960322,1,24.975744569742147,3,5.0,Computer Science,Female,Tier2,111675
2.776603140965798,30.687679745627932,5,27.608696219573485,0,1.0,Data Science,Female,Tier2,39041
,28.55410649188832,2,23.6181924165454,3,5.0,Computer Science,Male,Tier2,108624
2.9767425239664895,22.112270673447362,1,25.439515884296362,3,4.0,Computer Science,Female,Tier2,102803
3.6281993971617363,34.27463842691398,3,21.413454084257673,0,0.0,Data Science,Female,Tier2,116258
3.307046872065102,16.35149337920082,3,22.087127246363984,2,5.0,Computer Science,Female,Tier2,113373
2.577130610644006,29.92748485555411,1,24.944812555760755,1,4.0,Business Analytics,Male,Tier2,97152
3.286590462925591,29.74481006374707,3,26.96823205707193,2,6.0,Computer Science,Female,Tier3,119992
3.3926586898644184,22.52362848548808,0,24.71122669757132,4,1.0,Data Science,Male,Tier1,105154
2.7580712818994337,27.609064177936943,1,23.373883938953693,4,2.0,Data Science,Female,Tier2,89943
3.276862552972764,14.991091388917576,0,23.99858281084671,1,2.0,Statistics,Female,Tier2,90211
3.229104359223,32.392216153655205,0,21.499184532060564,3,3.0,Data Science,Male,Tier3,95471
2.6285148510846885,23.520782908456088,3,25.209030652710734,3,3.0,Business Analytics,Female,Tier1,111714
3.3788936801741416,20.818215835847685,2,25.76466612464682,2,1.0,Data Science,Female,Tier2,109882
3.4803922631841173,33.392073806695116,0,23.09581933433384,2,3.0,Data Science,Female,Tier3,94517
3.7415256215876385,19.365250475657927,0,23.059915704480996,3,3.0,Computer Science,Male,Tier1,114709
3.7269010260174515,13.732309629091523,0,24.5317564593041,2,3.0,Data Science,Male,Tier3,83177
2.5111653160214544,12.54696661180877,2,23.12656052791881,3,2.0,Statistics,Non-Binary,Tier1,103757
2.7310874800424387,,0,23.867734770748356,2,3.0,Data Science,Female,Tier2,85027
3.45751763360433,14.756565180029735,0,28.19944357833303,1,6.0,Statistics,Female,Tier3,88011
3.4568929754561046,39.03835345587492,2,23.505948598508006,0,2.0,Data Science,Male,Tier2,109243
3.457523843153024,8.344564736930224,2,23.283319695957555,3,4.0,Computer Science,Male,Tier2,109085
4.0,38.571650946320304,0,22.704916388729682,4,4.0,Computer Science,Female,Tier1,110566
3.485445255346584,26.688139737620947,3,25.488383942999874,4,3.0,Computer Science,Female,Tier3,118395
3.7677828200902996,24.22629510503686,0,23.637551653563794,3,4.0,Statistics,Male,Tier2,98470
3.6770008817466016,20.640647305528404,3,22.701253923357147,3,3.0,Statistics,Female,Tier1,112705
3.525695625652899,28.193088914816567,3,26.642608064546025,6,3.0,Computer Science,Female,Tier2,134662
3.042365377679827,24.698922380601214,1,26.839206009027276,4,6.0,Data Science,Male,Tier2,104327
3.579484610246634,33.82641505613217,2,22.79915286852259,4,7.0,Data Science,Male,Tier1,116604
2.8135873927312143,25.913821189296318,1,21.0,5,6.0,Data Science,Male,Tier1,105816
3.0815906966299957,26.202414091695022,3,26.015027379673846,1,2.0,Computer Science,Female,Tier1,115468
2.9573182260854485,22.09110230228915,0,22.630740348479993,4,1.0,Computer Science,Male,Tier2,93206
3.2409370696931616,24.54443501023146,0,25.58125119832554,2,5.0,Computer Science,Male,Tier2,89803
4.0,27.462414151136475,2,21.0,4,2.0,Computer Science,Female,Tier2,121398
2.266367403704126,11.318652858746995,4,25.785194676598618,5,5.0,Computer Science,Male,Tier3,112623
3.543130095187257,14.214516623154296,3,21.57765614143844,2,3.0,Computer Science,Male,Tier3,113040
2.3936420644051744,30.94611275218172,2,25.46152823813305,4,5.0,Data Science,Male,Tier2,108556
2.9640340671052834,26.366923505023536,3,24.02854613567287,1,5.0,Computer Science,Female,Tier1,117043
3.744475298483683,23.528133309178568,0,22.09212116120671,2,5.0,Business Analytics,Female,Tier2,87963
3.2321400095477317,25.147471464523147,0,23.185927374146438,4,6.0,Computer Science,Male,Tier2,90303
2.6611276110353472,27.78065364289337,2,25.3726369139134,1,6.0,Computer Science,Female,Tier2,109994
2.842348145370016,20.68192255752511,3,24.211788906230467,1,5.0,Data Science,Female,Tier2,120438
3.539798874467338,18.773562196781498,2,25.168825960944968,0,5.0,Computer Science,Male,Tier2,125782
2.834816684141432,26.56676204078145,3,27.95288116903097,3,2.0,Statistics,Male,Tier3,111005
3.3082292947909875,,1,21.0,3,4.0,Computer Science,Male,Tier1,109849
3.222785919951907,28.266022045715776,1,27.23442514993725,4,4.0,Business Analytics,Male,Tier2,92189
2.8741998261970916,11.379331166097277,1,24.208711875046426,2,2.0,Business Analytics,Female,Tier1,100466
4.0,33.23324509860515,1,22.202431903353745,3,3.0,Data Science,Female,Tier3,110130
3.5169595111590057,28.780779859304346,2,21.33937274852202,6,3.0,Data Science,Male,Tier1,118745
2.187428706671197,27.048237874511006,3,23.621759218445934,2,4.0,Statistics,Male,Tier1,112479
3.293227157384714,32.861527871564114,2,25.843300223848917,2,4.0,Data Science,Male,Tier2,112275
2.869106767615806,38.32379555570061,0,23.744901759244932,2,2.0,Data Science,Female,Tier2,89672
3.626216667398112,33.11496052014505,1,27.022309860494694,4,6.0,Computer Science,Male,Tier1,122457
2.80373963078365,10.273006149346838,1,21.097648619896884,1,4.0,Computer Science,Female,Tier2,86769
3.1426317792665506,14.763384266114388,2,23.97582210430789,4,4.0,Data Science,Male,Tier2,114662
3.452493639490229,20.00145137843457,0,21.49521311117376,3,4.0,Data Science,Female,Tier1,92535
3.632877597085061,25.20872840168667,3,24.727263765249937,3,6.0,Business Analytics,Female,Tier2,112780
2.599851796472112,29.141272163752983,3,25.7737747801946,5,5.0,Computer Science,Male,Tier3,112651
3.032749382079526,19.194049494772276,1,23.158476412637892,3,3.0,Statistics,Female,Tier2,97489
2.962527344419522,26.494134115816628,1,21.0,1,5.0,Computer Science,Non-Binary,Tier2,93877
2.8733353837131443,18.95693654117342,1,24.39789629359299,1,5.0,Data Science,Male,Tier2,89309
4.0,20.107857576064415,1,24.873477103467017,3,5.0,Computer Science,Female,Tier2,108866
3.402490855480478,13.746711225214222,2,24.808589509923394,5,4.0,Data Science,Male,Tier1,119122
2.5695580228324775,,0,26.471564383644306,4,6.0,Computer Science,Female,Tier2,88445
3.6589309735273883,14.186523155069331,2,21.857892640701902,2,2.0,Data Science,Male,Tier3,100126
4.0,17.193013976181337,3,25.3604322109009,7,9.0,Statistics,Female,Tier3,137555
3.7162326302755737,33.42913437286272,2,26.38501502495595,0,2.0,Data Science,Female,Tier2,110530
2.4403150170229937,17.404808889344455,0,21.0,4,,Data Science,Female,Tier1,87988
2.9578829635668744,46.05905651869912,2,24.639303651837956,2,2.0,Statistics,Female,Tier1,109193
3.8334555745933114,28.946543207047114,2,22.991640337984656,3,3.0,Statistics,Female,Tier2,109408
2.8461652671906097,,0,23.83695465379671,1,6.0,Data Science,Male,Tier2,92308
3.4219097140731143,18.13313775855029,1,24.695352967076673,3,2.0,Computer Science,Female,Tier1,114959
3.5873170267146683,30.60247903527193,0,23.025542871772895,1,4.0,Business Analytics,Female,Tier3,83014
2.7365347642109588,20.39489739009781,0,22.648583841676775,3,3.0,Data Science,Female,Tier2,81837
3.1702373219691,25.976078517162893,5,24.06830483497605,6,9.0,Computer Science,Female,Tier3,146548
2.0,45.48067630615036,2,21.825508122274396,3,4.0,Computer Science,Female,Tier3,99144
2.6878061793328554,24.2315208022028,2,21.82834974222963,2,0.0,Statistics,Female,Tier3,101204
3.07371592430342,34.194186610285406,2,25.358746565913005,1,4.0,Computer Science,Male,Tier2,100406
2.5761084090175754,19.3745885989929,1,21.70241192968269,4,4.0,Business Analytics,Male,Tier2,88939
4.0,24.720092076024308,0,25.332625001818425,4,3.0,Computer Science,Male,Tier2,114769
2.484929311019684,39.16640508508408,0,24.9251825857079,3,3.0,Statistics,Male,Tier2,85271
2.9799777566515084,19.98426353769786,2,21.0,1,1.0,Data Science,Female,Tier2,99469
3.265370288643046,39.49958846397543,2,22.64487069532869,4,6.0,Data Science,Male,Tier3,113476
3.920636644533058,30.662015483643803,3,26.388218806094745,2,8.0,Business Analytics,Male,Tier2,120253
2.4820689244102807,20.50026579284586,2,22.037668937720635,4,3.0,Data Science,Non-Binary,Tier3,97298
3.78158187607748,30.059261912444168,0,23.071191475381223,1,2.0,Data Science,Male,Tier3,90746
3.2051165305097937,32.78043559701384,0,24.924121786503793,5,6.0,Computer Science,Male,Tier1,104284
2.7092456744760245,29.97447969773757,2,25.56678101856519,3,2.0,Computer Science,Male,Tier1,120898
3.4310517371316354,12.438202240876349,2,23.496922227911007,1,6.0,Computer Science,Male,Tier2,111900
3.299529847786735,19.182902593401053,1,22.804979610616716,2,3.0,Statistics,Female,Tier2,95490
2.8998915614206027,23.019850915587963,3,26.844739723397016,1,3.0,Computer Science,Female,Tier3,117790
3.2349010424950095,24.40453256719963,0,27.477799327595157,5,1.0,Computer Science,Female,Tier2,100716
3.00734320156912,29.965376780405425,1,25.95771610156359,1,3.0,Data Science,Male,Tier2,96545
3.256758672625624,26.42160800746603,2,24.170636285130048,3,4.0,Data Science,Female,Tier2,108709
3.5310653372605234,14.31724513031919,1,22.383468556718146,2,4.0,Statistics,Male,Tier1,100235
3.993008408072676,28.041582808047707,2,22.339111186886868,3,3.0,Computer Science,Male,Tier2,113981
2.5810922505865754,29.884685962270584,1,25.045028210531516,2,2.0,Computer Science,Male,Tier3,93350
4.0,29.47832358344832,0,24.836796441777366,5,8.0,Business Analytics,Male,Tier1,102051
2.223956100238749,33.64624580443697,1,26.80319718589286,4,3.0,Computer Science,Male,Tier2,112070
3.1241074524822086,31.671377236391233,1,25.30090018507228,5,4.0,Business Analytics,Male,Tier2,86583
3.4941586032422887,28.673440633827493,2,21.0,2,4.0,Business Analytics,Non-Binary,Tier1,106978
3.3404959338675164,24.438674308330825,4,26.103895235445837,3,7.0,Statistics,Male,Tier1,140306
2.8886502400897034,11.712312531872069,1,22.003878745371175,2,4.0,Computer Science,Male,Tier3,93153
3.0959388748213628,28.436945753060687,2,23.232057456095298,1,,Statistics,Male,Tier2,104745
2.953499532670584,26.66150149730489,1,24.50040041250339,3,2.0,Statistics,Female,Tier1,101013
2.905317621527894,27.172630697562987,3,27.991334979567927,1,3.0,Data Science,Male,Tier1,118447
3.6248010485105127,14.786011393437525,1,30.0,7,4.0,Computer Science,Female,Tier2,107070
3.378507742982524,16.3515476767339,0,25.213446118272365,6,5.0,Computer Science,Non-Binary,Tier2,103039
2.853545202369673,33.42522282666323,1,23.633606762559225,3,6.0,Computer Science,Male,Tier2,99422
3.6497999377166255,24.68355876914676,3,25.0690112969611,4,6.0,Data Science,Male,Tier1,127951
3.3536497604383047,30.452005578980994,2,25.775310851747673,1,6.0,Data Science,Male,Tier3,107207
3.60643105941948,25.22654700904369,2,23.358664748885616,1,2.0,Data Science,Female,Tier2,119292
3.514814420961806,25.23804911596596,1,27.590422711824644,2,2.0,Data Science,Male,Tier2,39041
2.785502494538964,32.50627044780798,0,24.460141518382805,3,5.0,Data Science,Male,Tier2,94331
2.9199094799015155,20.87164217426101,4,24.995486178182787,3,4.0,Data Science,Male,Tier2,121584
3.573646802561631,25.76896621552787,2,25.331848504108923,1,3.0,Business Analytics,Female,Tier3,96735
3.5051851327167327,21.30179769035966,2,24.843173221228913,4,3.0,Computer Science,Male,Tier3,116398
3.189549203017926,21.524030180541477,0,25.677881000939223,1,5.0,Data Science,Male,Tier2,101413
3.258663691654391,22.526623012250884,1,22.765493626906153,3,,Computer Science,Female,Tier3,98162
3.8388324478942124,26.777070173069703,1,22.883396492107938,3,3.0,Data Science,Female,Tier3,92293
2.904214305582085,21.17001102669218,2,21.79969153405661,1,7.0,Statistics,Female,Tier3,98026
3.473548690585019,35.04604900458817,0,24.879002461240454,2,5.0,Business Analytics,Male,Tier1,101103
3.0989036737830533,17.84314158224397,3,25.557873007024227,4,6.0,Computer Science,Female,Tier2,114085
3.09115939838639,23.50502684670913,3,24.915545732303773,2,5.0,Business Analytics,Female,Tier2,111001
3.7493884259935952,21.4821515338066,0,27.348984866695076,0,4.0,Computer Science,Male,Tier3,98096
3.6127081744940153,36.57582307482986,3,23.988807962341905,4,4.0,Data Science,Female,Tier1,131878
3.6067548180003195,26.572438212092596,0,25.337483311185025,0,4.0,Computer Science,Male,Tier2,92752
3.8527394035771647,33.25475631574908,2,21.816598247721373,2,5.0,Business Analytics,Female,Tier2,113574
3.21050192081638,13.115517015704224,2,23.225800595051197,5,3.0,Data Science,Male,Tier2,108337
3.540976485647482,27.13640212695407,1,25.391075515131554,1,5.0,Statistics,Female,Tier2,92261
3.0448666217032723,32.117046364987495,4,25.69820422148629,5,5.0,Statistics,Male,Tier3,113412
3.362083176244221,25.658271914203393,2,23.412066104671634,4,0.0,Computer Science,Female,Tier2,120468
3.1349284728161577,33.52384300052281,2,23.856801496283865,4,5.0,Computer Science,Male,Tier3,115494
3.2484979824963593,20.861692399197022,2,21.0,3,2.0,Business Analytics,Non-Binary,Tier2,100197
3.497578512718457,36.27477952148464,1,23.28594159838678,6,6.0,Computer Science,Female,Tier2,111617
2.790889658383264,43.391184988954,0,25.780766327039572,2,4.0,Computer Science,Male,Tier2,94341
4.0,,0,25.15041003221313,4,3.0,Data Science,Female,Tier1,102091
2.696991309250149,21.435979828793826,2,25.00133144276242,2,5.0,Data Science,Non-Binary,Tier2,39041
2.5929056936061343,36.627075816941606,2,24.09954737436192,5,7.0,Computer Science,Male,Tier2,153530
3.779055436750034,37.6365771658457,4,24.014126317256352,3,4.0,Computer Science,Male,Tier2,134909
3.595831346981468,20.817119782773855,3,22.679357721053105,3,2.0,Computer Science,Female,Tier2,120942
3.5120599085260777,21.63850546323314,2,25.39765684040507,3,5.0,Data Science,Male,Tier2,117895
3.51417275463214,22.74572312911594,0,24.84194588877878,1,3.0,Business Analytics,Male,Tier1,91704
3.193876613576543,14.244395911725784,2,24.9840376959856,3,0.0,Business Analytics,Male,Tier1,110246
2.7513728142570844,17.650784428126414,1,22.947930314664838,6,3.0,Data Science,Male,Tier2,106886
3.2379022790968635,16.96687386598346,1,21.0,3,9.0,Computer Science,Male,Tier2,107025
2.8614191442439445,18.85761947916697,4,26.19430542350739,1,4.0,Business Analytics,Male,Tier1,121355
3.6875598667088756,24.72252090090575,2,23.04232508798319,3,5.0,Data Science,Female,Tier2,114921
3.126471309248931,26.873717860292167,1,22.274448471913757,3,4.0,Computer Science,Female,Tier2,97583
2.7872514016037444,37.40400394251262,2,25.386957823827988,2,2.0,Business Analytics,Male,Tier2,105039
3.0393070791735033,17.013167674089672,2,23.21597472016174,3,3.0,Statistics,Female,Tier2,109810
3.4064657271378125,32.87457918781267,1,26.119872768093245,0,4.0,Statistics,Female,Tier2,100263
2.918137723598013,23.288089246195927,1,25.234011899153394,8,5.0,Statistics,Female,Tier2,113241
2.7888898022167843,24.604290322780535,3,25.367138646400957,1,4.0,Computer Science,Male,Tier3,104037
3.3218436057459564,30.39855593733283,4,21.26808857759893,1,5.0,Computer Science,Male,Tier2,120439
3.3224832855543616,16.01822382750161,1,26.4238879707728,3,4.0,Statistics,Female,Tier2,103505
2.9465284123144353,28.059277969472404,1,24.52250106246771,2,4.0,Computer Science,Female,Tier2,103174
2.964480847190839,26.33161766570445,0,23.261445721507595,2,5.0,Data Science,Female,Tier1,102312
3.316024968678818,28.939610112065193,1,24.286776934684504,3,5.0,Statistics,Female,Tier2,99841
2.475957829251338,27.313349151262546,2,21.0,4,3.0,Statistics,Male,Tier2,92782
2.4962681128117223,44.64240111928716,2,24.817305622961342,3,3.0,Data Science,Female,Tier3,104040
2.8407778893737823,19.898080125989473,0,21.941256983635856,7,2.0,Statistics,Male,Tier3,78083
3.0932764241440767,20.75202435998546,0,21.294659428312933,3,1.0,Statistics,Male,Tier2,78348
3.3554537827990023,20.014875788601884,1,21.0,3,6.0,Statistics,Female,Tier2,150546
3.9376781084747763,20.556183046717962,5,26.22537674997985,3,3.0,Computer Science,Male,Tier1,157290
3.62882981160101,19.90090298154786,3,22.741473212614423,5,3.0,Computer Science,Male,Tier2,127853
3.1200307350182865,34.51213224886041,1,27.067455419833,5,3.0,Computer Science,Female,Tier2,102844
3.190491896048656,36.36403398391884,2,22.928397073895404,4,5.0,Computer Science,Male,Tier2,113814
2.6987353176810958,20.43402965000419,1,21.0,4,4.0,Computer Science,Non-Binary,Tier2,91450
3.190743432003805,18.34115541516617,1,21.766951120102682,2,6.0,Computer Science,Non-Binary,Tier1,110834
3.055670680539931,28.771324451091232,2,26.471623240013876,6,3.0,Data Science,Female,Tier3,110763
3.361359280169045,20.58221564575223,3,23.688203644126666,3,1.0,Business Analytics,Male,Tier1,111150
2.786384528223839,30.063454542044084,1,22.903425407018798,2,3.0,Computer Science,Male,Tier3,96042
3.459673257120586,26.623384166810396,2,24.320036451705576,6,7.0,Statistics,Male,Tier3,108140
3.966369456501289,12.874047080022144,2,25.00356547233509,4,5.0,Statistics,Male,Tier2,121160
3.1456199257715713,37.38004161064049,0,26.234797631804923,3,4.0,Computer Science,Male,Tier2,96901
3.400855861049471,39.36702138476417,2,26.896998459785852,3,6.0,Business Analytics,Non-Binary,Tier2,105082
3.5450719958555563,20.09769047612491,1,23.28046270842183,6,6.0,Data Science,Male,Tier2,98241
2.999389764057082,21.898387520512127,1,21.347904627835923,4,2.0,Data Science,Female,Tier2,98168
3.3120462409052087,27.28692312579924,1,23.173069677753446,2,3.0,Statistics,Male,Tier2,93529
3.2062962003908977,27.6756543198962,1,24.52056101316577,1,6.0,Computer Science,Female,Tier2,96067
3.248838049274416,,0,22.07248214757878,3,4.0,Statistics,Female,Tier2,94762
2.8134951080722668,41.0816363101308,5,22.085698170209913,4,1.0,Computer Science,Male,Tier2,137513
3.2122550871294715,23.584422180047603,0,24.687575763099773,5,2.0,Statistics,Male,Tier2,92061
3.448999145622725,18.61362204369237,1,23.902695296859097,6,5.0,Data Science,Female,Tier2,114988
3.925571803897521,13.965446175883782,0,24.065593990823174,2,3.0,Data Science,Female,Tier1,104475
3.6796354130426034,19.15255968046465,4,22.48300933059986,4,5.0,Computer Science,Female,Tier1,134854
4.0,24.73498421700962,2,23.539198571588464,4,4.0,Statistics,Male,Tier2,109490
2.816326218555975,39.356462908142305,0,22.15153371146339,0,5.0,Statistics,Male,Tier1,92143
3.6361603183603393,20.85910960771063,5,25.780396822249575,4,5.0,Data Science,Female,Tier1,150704
3.291671002869176,26.79030361311119,1,26.070498669447506,5,3.0,Data Science,Female,Tier3,106302
4.0,24.868616831417985,2,21.0,2,6.0,Data Science,Male,Tier1,115541
2.7958508573224243,34.507146187584674,3,22.14097827961518,5,6.0,Business Analytics,Female,Tier2,114136
2.7801390789096123,45.21545940698897,2,21.00694148981984,4,4.0,Data Science,Male,Tier2,105273
2.9003036772779893,20.753049816637436,1,22.699952131186205,5,2.0,Statistics,Male,Tier3,91543
2.1380521378450967,21.084484459854224,1,23.83312406041928,2,3.0,Statistics,Male,Tier2,92427
2.9371224891596195,33.35328701655258,4,21.10070956060294,2,5.0,Data Science,Male,Tier2,118212
2.820433669223151,30.45513191701049,1,22.156280373749375,0,5.0,Computer Science,Female,Tier2,88266
3.275196893238104,39.77365860588827,1,21.992085255837004,4,3.0,Data Science,Male,Tier2,100060
3.37087798788858,29.67142548260771,1,24.414534658797887,1,3.0,Statistics,Male,Tier2,102058
4.0,22.125663273703523,0,24.1386886740725,2,3.0,Computer Science,Female,Tier1,106737
3.6752119190930252,29.725238645538475,2,22.556524893325495,3,2.0,Data Science,Female,Tier3,110709
2.9115481721687986,33.869628644663266,1,24.353641744278796,2,4.0,Statistics,Female,Tier2,92986
2.750792664325821,31.56385744957891,1,22.90663983082547,2,1.0,Data Science,Female,Tier2,98703
3.4459595857532532,29.058192248858383,0,23.456689779347894,1,6.0,Data Science,Male,Tier2,89890
2.539883396489679,33.53339751671323,1,27.346904180597075,3,5.0,Computer Science,Female,Tier2,105440
4.0,34.35436472356538,0,26.680922103580695,4,4.0,Computer Science,Female,Tier3,102095
3.7897200603606436,36.05727192830022,0,21.400837526144805,6,2.0,Statistics,Female,Tier2,93041
2.965412173947648,30.189679100717143,0,25.65946483575835,3,4.0,Computer Science,Male,Tier2,93933
2.343432735454561,23.663055357465165,0,25.622793108983185,2,5.0,Computer Science,Male,Tier1,92725
3.8769361870827064,26.17370949146658,2,21.703473422494763,3,5.0,Business Analytics,Female,Tier3,105463
3.1427300773736913,34.65207173206686,1,25.63755528750972,1,5.0,Computer Science,Male,Tier2,106029
3.818908155986731,18.464514632102112,2,27.075863836825107,2,6.0,Business Analytics,Female,Tier1,97316
2.4027861706028166,,1,21.754910387511174,1,6.0,Business Analytics,Female,Tier1,85231
2.900312488523114,21.853289501381113,1,22.164994357971473,3,4.0,Computer Science,Female,Tier2,97380
3.2026218498590917,25.22995858347854,4,26.035322933687006,4,4.0,Computer Science,Female,Tier3,137238
3.223490296882371,35.22761490085839,1,24.542990621651295,2,5.0,Statistics,Female,Tier2,93699
2.9749672642603784,26.528792544159227,1,25.102952550479046,2,6.0,Data Science,Male,Tier2,101797
3.5114249661737498,25.37149238524919,3,24.681178432800994,3,4.0,Computer Science,Female,Tier1,137556
2.666189785308703,14.121150872160646,3,24.781391841856287,2,6.0,Statistics,Female,Tier2,99168
3.1288102574893535,30.970028528217767,1,21.347055743377833,2,2.0,Computer Science,Male,Tier2,102270
3.26014781585595,30.1638734491286,1,26.094635413242898,3,3.0,Business Analytics,Male,Tier3,91857
3.457219417029375,42.30603778644368,2,26.339179984855548,1,4.0,Computer Science,Male,Tier2,115549
3.555807439044445,22.537774120375992,1,23.541218511863946,6,5.0,Computer Science,Female,Tier3,104535
2.6376789540810655,26.753202621311512,1,23.913046100372274,2,4.0,Computer Science,Male,Tier2,94543
2.4329429146321893,26.995069469686044,2,21.0,2,6.0,Business Analytics,Female,Tier1,111138
3.8388384109492546,37.6196262381078,0,25.02850951203567,2,2.0,Statistics,Male,Tier2,100085
3.366157005989796,24.237635740904384,3,25.144114883428287,4,7.0,Statistics,Male,Tier2,124628
2.8257567317217234,27.232172206162716,1,23.87561796600138,1,2.0,Data Science,Female,Tier3,95313
3.9755759877612618,29.863172077732315,0,26.248706719741005,2,3.0,Computer Science,Male,Tier3,92894
3.2578373171464294,26.492872985250866,5,23.33184553804012,4,,Computer Science,Female,Tier1,147057
3.7896485920319134,21.428531083595775,1,25.1292118517872,3,2.0,Data Science,Female,Tier1,117986
3.2337592407050546,26.55271994318646,1,21.96067132261577,3,3.0,Data Science,Female,Tier1,101508
4.0,33.58905399887818,0,23.952895698251524,3,2.0,Data Science,Male,Tier3,103597
4.0,16.787877604711518,1,23.651291484194328,6,5.0,Computer Science,Female,Tier3,115030
3.0755179257604635,26.06375739317501,2,24.450615844081884,3,1.0,Business Analytics,Female,Tier3,108478
3.6857854754771777,19.399033480486615,0,23.26094614233328,3,4.0,Computer Science,Female,Tier2,96238
3.522687974792574,34.56037303139874,1,23.737054808656666,1,2.0,Business Analytics,Female,Tier2,90965
3.8843157787661746,12.814504761729802,4,25.65209434288301,2,4.0,Computer Science,Female,Tier2,133218
,20.528625221827294,1,23.126471525523566,4,4.0,Data Science,Female,Tier2,105067
3.54302572999922,28.017695000516166,2,21.0,3,3.0,Computer Science,Female,Tier2,104291
3.729212243424794,37.52419223387472,4,27.499167808410842,3,3.0,Data Science,Male,Tier1,133812
2.320630256788443,24.4739979114161,1,26.762908157380974,2,3.0,Data Science,Male,Tier1,100890
2.6083707436671126,20.558403786454413,1,21.415474609788763,3,4.0,Data Science,Male,Tier3,39041
2.18038391111995,40.04925655552472,2,25.37941561049039,1,4.0,Data Science,Male,Tier3,98931
3.065296582777721,13.415888796670048,0,22.994050458897313,2,3.0,Statistics,Male,Tier2,87826
3.5587711278979812,7.4095523470393445,1,24.52697443066212,2,5.0,Statistics,Male,Tier2,93774
3.951178526048014,28.52011560042666,2,24.588448258026986,3,3.0,Statistics,Female,Tier2,157258
3.237047390209888,20.98356620517911,0,23.531184399367355,5,5.0,Computer Science,Male,Tier2,108846
4.0,16.830137462954294,2,22.432468668827205,3,1.0,Data Science,Female,Tier3,106612
2.5099492708925544,30.666851578394827,0,22.61891789536748,6,6.0,Data Science,Male,Tier3,85336
2.348308780322423,26.95040571016959,1,22.167616169037515,2,6.0,Data Science,Male,Tier2,98011
3.172226150551691,20.487370954106172,2,22.33635558353911,5,2.0,Data Science,Male,Tier1,113333
3.392032724469654,14.757564810632845,0,23.86564341990129,6,6.0,Computer Science,Male,Tier2,100436
3.183652625952954,31.979658626241157,3,22.568480021778498,6,6.0,Computer Science,Female,Tier2,128198
2.166278949980062,30.20160942366929,1,25.36410413142524,3,4.0,Computer Science,Female,Tier2,103018
3.155439980243606,24.206593089764937,2,26.974492310671856,4,2.0,Computer Science,Male,Tier3,111302
2.547765249747574,39.77309596838133,0,22.839893517259913,3,3.0,Statistics,Male,Tier2,93176
3.5348362744150195,16.43932186939078,0,24.478809001070754,2,5.0,Statistics,Male,Tier1,83866
3.3832991230484244,12.79579863260209,1,24.99937022060587,5,3.0,Business Analytics,Female,Tier2,102207
2.7300601068363224,19.464735440950044,0,24.94400454183855,4,1.0,Statistics,Female,Tier3,78779
2.9430665413316532,24.635311869156016,2,24.151910535832176,2,3.0,Computer Science,Female,Tier1,120270
2.6703932390555245,26.946715594581534,1,25.485364836719445,0,4.0,Business Analytics,Female,Tier2,88818
3.1686604513634142,23.070111537149362,3,24.964497905361313,0,4.0,Business Analytics,Female,Tier2,104269
3.6775711602506194,27.816443172114376,4,21.524675155345406,5,5.0,Data Science,Male,Tier1,142533
2.707136976832228,14.987684606476448,1,25.738312128778546,6,4.0,Data Science,Male,Tier2,106766
3.4520232577589223,36.55011683258608,1,25.774581674533483,1,1.0,Business Analytics,Female,Tier2,101162
2.9348711908137797,24.34279057285945,3,22.473427791642838,2,4.0,Data Science,Female,Tier2,107677
2.803563583868828,33.93836665270502,1,24.075875670895204,5,2.0,Business Analytics,Female,Tier3,90775
3.1464848200227213,27.741802771021632,1,25.36665798562214,4,,Computer Science,Female,Tier2,107413
2.682378838790313,28.654025753230272,0,23.58137236084128,3,2.0,Computer Science,Male,Tier1,96664
2.923175347326409,29.55813824185763,1,26.145956095532025,2,3.0,Data Science,Female,Tier3,102014
2.601061053705576,28.581668480138518,2,28.727744989238722,0,2.0,Data Science,Female,Tier2,94980
4.0,30.141782078940352,1,22.428027934730036,4,4.0,Statistics,Male,Tier2,107328
3.2176317759858644,35.63322024105945,2,21.23791079369245,5,3.0,Business Analytics,Female,Tier3,101490
2.8501372460037073,26.57216935761176,3,24.60763719120975,2,6.0,Data Science,Female,Tier2,110881
3.3069899553671114,30.6720300607081,2,25.443125010252288,3,3.0,Computer Science,Male,Tier2,112334
3.1438359751545852,24.282114445702184,1,23.53826725231046,7,6.0,Statistics,Male,Tier1,106916
3.0895152002333885,36.52093772359578,2,26.906521326642068,5,2.0,Data Science,Male,Tier2,99200
3.5070833500217127,19.58886158352584,5,21.322788400553502,3,5.0,Computer Science,Female,Tier1,139326
3.5787538550236526,39.40752346328652,1,25.385837246063222,1,4.0,Data Science,Male,Tier3,99797
2.9347494261947364,24.678736394845252,1,22.788278358482213,3,7.0,Statistics,Female,Tier1,102400
2.91209087967766,13.553799183055615,2,27.438755812414595,4,4.0,Statistics,Female,Tier2,101442
3.062474151424178,26.024835319286314,2,27.985030706336236,1,2.0,Data Science,Male,Tier3,105839
2.0490394176322075,19.551586740200953,2,22.466686824433303,3,4.0,Computer Science,Female,Tier2,106278
2.4424044689007243,31.72514839190979,1,22.90088572818284,3,8.0,Business Analytics,Non-Binary,Tier2,95099
3.8834371337222624,19.779008165580873,2,25.719175773959606,4,3.0,Statistics,Male,Tier2,118920
4.0,21.430532534281763,4,23.22573870042097,1,2.0,Data Science,Male,Tier2,129112
3.075481980221811,9.883674152435752,4,23.909177564135522,2,5.0,Computer Science,Female,Tier2,126006
3.4882784815278836,21.381549446007387,0,24.05077684108482,3,4.0,Statistics,Female,Tier2,134645
3.3556250772717684,5.608965386968347,4,21.0,2,2.0,Computer Science,Male,Tier3,118008
4.0,12.328777412114214,2,23.972324507811525,1,6.0,Computer Science,Male,Tier3,114786
3.7597874557172886,31.08331724915438,2,22.620544451871652,1,3.0,Data Science,Male,Tier3,106850
3.136041204259617,31.286401269206657,3,23.013754355200454,3,2.0,Computer Science,Non-Binary,Tier3,124332
2.7222297796997874,28.40366049427972,0,26.887264006937627,0,8.0,Data Science,Male,Tier2,89945
2.396776839871214,17.264190854966294,1,21.486986211441486,3,5.0,Computer Science,Female,Tier2,96602
3.3017318179336117,24.61830915086416,2,25.626410373495954,1,4.0,Statistics,Female,Tier3,109545
2.8218246273578487,24.971179687275452,1,23.442074139336384,1,2.0,Computer Science,Male,Tier2,102091
2.488873145201163,15.733082486459658,3,23.440479663008333,7,3.0,Computer Science,Female,Tier3,106320
2.876713557878737,37.027186414137205,0,25.580743792103423,3,6.0,Computer Science,Male,Tier2,100524
2.659225998192803,32.018898324605374,3,24.680102589137782,2,0.0,Business Analytics,Female,Tier2,109588
4.0,23.23228660936269,5,25.14122599443906,4,3.0,Business Analytics,Male,Tier2,145146
3.6408198784747254,25.215086711956246,0,25.936369321065722,4,3.0,Computer Science,Female,Tier3,94439
3.1960136793416916,26.66706246358042,1,23.337383233633354,0,5.0,Statistics,Female,Tier1,94649
3.9399720694450133,8.666121052605675,1,22.7755265309845,3,0.0,Data Science,Male,Tier2,108441
3.2386841538238094,23.022580939835226,0,21.829698946884402,3,,Business Analytics,Male,Tier2,81534
2.7693578993358683,19.54412601601761,1,22.34917894004209,7,4.0,Data Science,Male,Tier2,100383
3.961562038634829,16.987039920840676,2,29.89818885061745,3,2.0,Statistics,Male,Tier3,121890
3.4694550218423297,22.75119765691236,2,26.489359161473573,2,4.0,Computer Science,Female,Tier2,115695
2.681376922836772,39.38149221479618,0,21.297851267583958,4,6.0,Data Science,Female,Tier2,88791
3.104830660958196,30.12674289013608,3,21.35508408651286,2,8.0,Business Analytics,Male,Tier2,104545
2.7621908733076217,20.430568081737626,0,24.963732123436984,2,3.0,Data Science,Female,Tier2,90710
2.508600134517832,29.58066225084927,1,25.094529594755933,3,2.0,Computer Science,Female,Tier2,93022
